<?xml version="1.0" encoding="iso-8859-1"?>

<targets date="06/25/13 18:40:59" docset="NetIQ">
 <target id="AboutNetIQ" pid="AboutNetIQ" name="Preface" level="0" xrefdest="true"><text>About NetIQ Corporation</text></target>
 <target id="b12nieab" pid="b12nieab" name="Sect1" level="1" xrefdest="true"><text>Our Viewpoint</text></target>
 <target id="b12nieac" pid="b12nieab" name="VarListEntry" level="2" xrefdest="true"><text>Adapting to change and managing complexity and risk are nothing new  </text></target>
 <target id="b12niead" pid="b12nieab" name="VarListEntry" level="2" xrefdest="true"><text>Enabling critical business services, better and faster  </text></target>
 <target id="b12nieae" pid="b12nieae" name="Sect1" level="1" xrefdest="true"><text>Our Philosophy</text></target>
 <target id="b12nieaf" pid="b12nieae" name="VarListEntry" level="2" xrefdest="true"><text>Selling intelligent solutions, not just software  </text></target>
 <target id="b12nieag" pid="b12nieae" name="VarListEntry" level="2" xrefdest="true"><text>Driving your success is our passion  </text></target>
 <target id="b12o02se" pid="b12o02se" name="Sect1" level="1" xrefdest="true"><text>Our Solutions</text></target>
 <target id="bxdlg5b" pid="bxdlg5b" name="Sect1" level="1" xrefdest="true"><text>Contacting Sales Support</text></target>
 <target id="bxdlg5c" pid="bxdlg5b" name="Row" level="2" xrefdest="true"><text>Worldwide:</text></target>
 <target id="bxdlg5d" pid="bxdlg5b" name="Row" level="2" xrefdest="true"><text>United States and Canada:</text></target>
 <target id="bxdlg5e" pid="bxdlg5b" name="Row" level="2" xrefdest="true"><text>Email:</text></target>
 <target id="bxdlg5f" pid="bxdlg5b" name="Row" level="2" xrefdest="true"><text>Web Site:</text></target>
 <target id="bxdlg5g" pid="bxdlg5g" name="Sect1" level="1" xrefdest="true"><text>Contacting Technical Support</text></target>
 <target id="bxdlg5h" pid="bxdlg5g" name="Row" level="2" xrefdest="true"><text>Worldwide:</text></target>
 <target id="bxdlg5i" pid="bxdlg5g" name="Row" level="2" xrefdest="true"><text>North and South America:</text></target>
 <target id="bxdlg5j" pid="bxdlg5g" name="Row" level="2" xrefdest="true"><text>Europe, Middle East, and Africa:</text></target>
 <target id="bxdlg5k" pid="bxdlg5g" name="Row" level="2" xrefdest="true"><text>Email:</text></target>
 <target id="bxdlg5l" pid="bxdlg5g" name="Row" level="2" xrefdest="true"><text>Web Site:</text></target>
 <target id="bxdlg5m" pid="bxdlg5m" name="Sect1" level="1" xrefdest="true"><text>Contacting Documentation Support</text></target>
 <target id="bxdlg5n" pid="bxdlg5n" name="Sect1" level="1" xrefdest="true"><text>Contacting the Online User Community</text></target>
</targets>
