<?xml version="1.0" encoding="iso-8859-1"?>

<targets date="08/01/13 11:48:47" docset="NetIQ">
 <target id="About" pid="About" name="Preface" level="0" xrefdest="true"><text>About this Book and the Library</text></target>
 <target id="bxdlg4h" pid="bxdlg4h" name="Sect1" level="1" xrefdest="true"><text>Intended Audience</text></target>
 <target id="bxdlg4i" pid="bxdlg4i" name="Sect1" level="1" xrefdest="true"><text>Other Information in the Library</text></target>
 <target id="bxdlg4j" pid="bxdlg4i" name="VarListEntry" level="2" xrefdest="true"><text>Installation Guide  </text></target>
 <target id="bxdlg4m" pid="bxdlg4i" name="VarListEntry" level="2" xrefdest="true"><text>Help  </text></target>
</targets>
