<?xml version="1.0" encoding="iso-8859-1"?>

<targets date="08/01/13 11:47:51" docset="NetIQ">
 <target id="Afbx9q7" pid="Afbx9q7" name="Chapter" level="0" number="1" xrefdest="true"><text>Understanding the RSA Driver</text></target>
 <target id="bv5xsg5" pid="bv5xsg5" name="Sect1" level="1" number="1.1" xrefdest="true"><text>Supported Software Versions</text></target>
 <target id="b958wcf" pid="b958wcf" name="Sect1" level="1" number="1.2" xrefdest="true"><text>RSA Driver Concepts</text></target>
 <target id="bu45glx" pid="b958wcf" name="Sect2" level="2" number="1.2.1" xrefdest="true"><text>Synchronizing Data </text></target>
 <target id="Abaaeg6" pid="b958wcf" name="Sect2" level="2" number="1.2.2" xrefdest="true"><text>How the RSA Driver Works</text></target>
 <target id="Ag4mye4" pid="b958wcf" name="Sect3" level="3" xrefdest="true"><text>Publisher and Subscriber Channels</text></target>
 <target id="Ah051sw" pid="b958wcf" name="Sect3" level="3" xrefdest="true"><text>Filters</text></target>
 <target id="Ah10ir5" pid="b958wcf" name="Figure" level="4" number="Figure 1-1" xrefdest="true"><text>RSA Driver Filters </text></target>
 <target id="Ag4mshc" pid="b958wcf" name="Sect3" level="3" xrefdest="true"><text>Policies </text></target>
 <target id="b1jfe3a" pid="b958wcf" name="Table" level="4" number="Table 1-1" xrefdest="true"><text>Default Policies</text></target>
 <target id="Ag6tfbx" pid="b958wcf" name="Row" level="5" xrefdest="true"><text>Policy</text></target>
 <target id="Ag6tfby" pid="b958wcf" name="Row" level="5" xrefdest="true"><text>Schema Mapping</text></target>
 <target id="Ag6tfc1" pid="b958wcf" name="Row" level="5" xrefdest="true"><text>Publisher Create</text></target>
 <target id="Ag6tfc2" pid="b958wcf" name="Row" level="5" xrefdest="true"><text>Matching</text></target>
 <target id="Agn5wx4" pid="b958wcf" name="Row" level="5" xrefdest="true"><text>Subscriber Create</text></target>
 <target id="b92nb33" pid="b92nb33" name="Sect1" level="1" number="1.3" xrefdest="true"><text>Support for Standard Driver Features</text></target>
 <target id="b92nb34" pid="b92nb33" name="Sect2" level="2" number="1.3.1" xrefdest="true"><text>Local and Remote Platforms</text></target>
 <target id="b1k6az7" pid="b92nb33" name="Figure" level="3" number="Figure 1-2" xrefdest="true"><text>A Local Configuration  </text></target>
 <target id="b92nb35" pid="b92nb33" name="Sect2" level="2" number="1.3.2" xrefdest="true"><text>Entitlements</text></target>
</targets>
