<?xml version="1.0" encoding="iso-8859-1"?>

<targets date="07/02/13 15:56:01" docset="NetIQ">
 <target id="boxjjyl" pid="boxjjyl" name="Chapter" level="0" number="2" xrefdest="true"><text>Installing the Driver Files</text></target>
 <target id="bgbi96t" pid="bgbi96t" name="Sect1" level="1" number="2.1" xrefdest="true"><text>Installing the Driver Files</text></target>
 <target id="b935lcg" pid="b935lcg" name="Sect1" level="1" number="2.2" xrefdest="true"><text>Copying Required Files and Information from RSA Authentication Manager 7.1</text></target>
 <target id="bgf0rcr" pid="b935lcg" name="Sect2" level="2" number="2.2.1" xrefdest="true"><text>Copying RSA Files </text></target>
 <target id="bu8328z" pid="b935lcg" name="Procedure" level="3" number="1" xrefdest="true"><text>From a command prompt on your RSA Authentication Manager host, change directories to RSA_AM_HOME/appserver/weblogic/server/lib/. </text></target>
 <target id="bu83290" pid="b935lcg" name="Step" level="4" number="1" xrefdest="true"><text>From a command prompt on your RSA Authentication Manager host, change directories to RSA_AM_HOME/appserver/weblogic/server/lib/. </text></target>
 <target id="bu832rn" pid="b935lcg" name="Step" level="4" number="2" xrefdest="true"><text>Type:</text></target>
 <target id="bu832xy" pid="b935lcg" name="Step" level="4" number="3" xrefdest="true"><text>Change directories to RSA_AM_HOME/</text></target>
 <target id="bu832vt" pid="b935lcg" name="Step" level="4" number="4" xrefdest="true"><text>Type:</text></target>
 <target id="bu8lett" pid="b935lcg" name="Step" level="4" number="5" xrefdest="true"><text>Type:</text></target>
 <target id="bu8335g" pid="b935lcg" name="Step" level="4" number="6" xrefdest="true"><text>Copy the following files in your RSA Authentication Manager server installation to the Identity Manager driver library directory:</text></target>
 <target id="bgf0rwd" pid="b935lcg" name="Sect2" level="2" number="2.2.2" xrefdest="true"><text>Exporting Root Certificate</text></target>
 <target id="bu83amj" pid="b935lcg" name="Procedure" level="3" number="1" xrefdest="true"><text>Change directories to RSA_AM_HOME/appserver/.</text></target>
 <target id="bu83amk" pid="b935lcg" name="Step" level="4" number="1" xrefdest="true"><text>Change directories to RSA_AM_HOME/appserver/.</text></target>
 <target id="bu83au9" pid="b935lcg" name="Step" level="4" number="2" xrefdest="true"><text>Type:</text></target>
 <target id="bu83b2g" pid="b935lcg" name="Step" level="4" number="3" xrefdest="true"><text>When prompted for the keystore password, press Enter without typing a password.</text></target>
 <target id="bu83bbo" pid="b935lcg" name="Step" level="4" number="4" xrefdest="true"><text> Import the certificate into a new Java Key Store by running the following command:</text></target>
 <target id="bu83c4u" pid="b935lcg" name="Step" level="4" number="5" xrefdest="true"><text> Copy the newly created trust.jks file to your driver library directory.</text></target>
 <target id="bgf165b" pid="b935lcg" name="Sect2" level="2" number="2.2.3" xrefdest="true"><text>Obtaining the Command Client Username and Password</text></target>
 <target id="b935nex" pid="b935lcg" name="Procedure" level="3" number="1" xrefdest="true"><text>From a command prompt on your RSA Authentication Manager host, change directories to RSA_AM_HOME/utils.</text></target>
 <target id="b935ney" pid="b935lcg" name="Step" level="4" number="1" xrefdest="true"><text>From a command prompt on your RSA Authentication Manager host, change directories to RSA_AM_HOME/utils.</text></target>
 <target id="bu83dw7" pid="b935lcg" name="Step" level="4" number="2" xrefdest="true"><text>Type:</text></target>
 <target id="bu83e6l" pid="b935lcg" name="Step" level="4" number="3" xrefdest="true"><text>When prompted, type the master password chosen during RSA Authentication Manager installation.</text></target>
 <target id="bu83e9m" pid="b935lcg" name="Step" level="4" number="4" xrefdest="true"><text> In the list that is displayed, locate the values for your command client user name and password. For example:</text></target>
 <target id="bu8lfao" pid="b935lcg" name="FormalPara" level="5" xrefdest="true"><text>Command Client User Name:</text></target>
 <target id="bu8lfap" pid="b935lcg" name="FormalPara" level="5" xrefdest="true"><text>Command Client User Password:</text></target>
 <target id="bu83f0m" pid="b935lcg" name="Sect2" level="2" number="2.2.4" xrefdest="true"><text>Setting IDM Java Startup Properties for RSA Authentication Manager 7.1</text></target>
 <target id="bu83fqp" pid="b935lcg" name="BridgeHead" level="3" xrefdest="true"><text>In Windows</text></target>
 <target id="bu83g4p" pid="b935lcg" name="Procedure" level="3" number="1" xrefdest="true"><text>From the Control Panel, select the System icon.</text></target>
 <target id="bu83g4q" pid="b935lcg" name="Step" level="4" number="1" xrefdest="true"><text>From the Control Panel, select the System icon.</text></target>
 <target id="bu83gi6" pid="b935lcg" name="Step" level="4" number="2" xrefdest="true"><text>Click the Advanced tab.</text></target>
 <target id="bu83gjn" pid="b935lcg" name="Step" level="4" number="3" xrefdest="true"><text>Click Environment Variables.</text></target>
 <target id="bu83glc" pid="b935lcg" name="Step" level="4" number="4" xrefdest="true"><text>Do one of the following: </text></target>
 <target id="bu83gmu" pid="b935lcg" name="Step" level="4" number="5" xrefdest="true"><text>Under System Variables, click New.</text></target>
 <target id="bu83gnz" pid="b935lcg" name="Step" level="4" number="6" xrefdest="true"><text>In the Variable Name field, enter DHOST_JVM_OPTIONS</text></target>
 <target id="bu83gp8" pid="b935lcg" name="Step" level="4" number="7" xrefdest="true"><text>In the Variable Value field, add the following text, ensuring that it is properly separated from any existing text by a space character:</text></target>
 <target id="bu83gqq" pid="b935lcg" name="Step" level="4" number="8" xrefdest="true"><text>Click OK on each dialog until they are closed. </text></target>
 <target id="bu83g0r" pid="b935lcg" name="BridgeHead" level="3" xrefdest="true"><text>On Linux/Solaris</text></target>
</targets>
