<?xml version="1.0" encoding="iso-8859-1"?>

<targets date="06/25/13 18:40:24" docset="NetIQ">
 <target id="b946tso" pid="b946tso" name="Chapter" level="0" number="3" xrefdest="true"><text>Preparing RSA Authentication Manager </text></target>
 <target id="b946tsp" pid="b946tsp" name="Sect1" level="1" number="3.1" xrefdest="true"><text>Creating an RSA Authentication Manager 7.1 User Object with SuperAdminRole Rights</text></target>
 <target id="b946tsq" pid="b946tsp" name="Procedure" level="2" number="1" xrefdest="true"><text>Login to the RSA Security Console with an account that has SuperAdminRole rights.</text></target>
 <target id="b946tsr" pid="b946tsp" name="Step" level="3" number="1" xrefdest="true"><text>Login to the RSA Security Console with an account that has SuperAdminRole rights.</text></target>
 <target id="bu45r15" pid="b946tsp" name="Step" level="3" number="2" xrefdest="true"><text>From the Identity menu, select Users &gt; Manage Existing.</text></target>
 <target id="bu45r9o" pid="b946tsp" name="Step" level="3" number="3" xrefdest="true"><text> Choose Add New.</text></target>
 <target id="bu45rbk" pid="b946tsp" name="Step" level="3" number="4" xrefdest="true"><text>Fill out the user information.</text></target>
 <target id="b151a17m" pid="b946tsp" name="Step" level="3" number="5" xrefdest="true"><text>Confirm that Require user to change password at next logon is unchecked.</text></target>
 <target id="b151a17n" pid="b946tsp" name="Step" level="3" number="6" xrefdest="true"><text>Click Save</text></target>
 <target id="bu45re9" pid="b946tsp" name="Step" level="3" number="7" xrefdest="true"><text>From the Administration menu, select Administrative Roles &gt; Manage Existing.</text></target>
 <target id="bu45rg5" pid="b946tsp" name="Step" level="3" number="8" xrefdest="true"><text>Select the SuperAdminRole, then click Assign More.</text></target>
 <target id="bu45rhr" pid="b946tsp" name="Step" level="3" number="9" xrefdest="true"><text>Search for the user you created for the service account.</text></target>
 <target id="bu45rjj" pid="b946tsp" name="Step" level="3" number="10" xrefdest="true"><text>Select the user, then click Assign to Role.</text></target>
 <target id="b946tst" pid="b946tst" name="Sect1" level="1" number="3.2" xrefdest="true"><text>Creating an RSA Authentication Manager 6.1 User Object with Administrator Rights</text></target>
 <target id="bu45se8" pid="b946tst" name="Procedure" level="2" number="1" xrefdest="true"><text>On the RSA Authentication Manager server, open the Services tool found in the Administrative Tools section of the Windows Control Panel.</text></target>
 <target id="bu45se9" pid="b946tst" name="Step" level="3" number="1" xrefdest="true"><text>On the RSA Authentication Manager server, open the Services tool found in the Administrative Tools section of the Windows Control Panel.</text></target>
 <target id="bu45sxz" pid="b946tst" name="Step" level="3" number="2" xrefdest="true"><text>Select the RSA Auth Mgr Daemon service, then click Action &gt; Properties.</text></target>
 <target id="bu45szy" pid="b946tst" name="Step" level="3" number="3" xrefdest="true"><text>Click the Log On tab.</text></target>
 <target id="bu45t48" pid="b946tst" name="Step" level="3" number="4" xrefdest="true"><text>Typically the service will be set to log on as the Local System account. If the service is configured to use an account other than the Local System account, note the account name used.</text></target>
 <target id="bu45t5z" pid="b946tst" name="Step" level="3" number="5" xrefdest="true"><text>Click Cancel in the RSA Auth Mgr Daemon service window..</text></target>
 <target id="b15dny1x" pid="b946tst" name="Step" level="3" number="6" xrefdest="true"><text>Close the Services window.</text></target>
 <target id="bu45t73" pid="b946tst" name="Step" level="3" number="7" xrefdest="true"><text>Start the RSA Authentication Manager Administration tool.</text></target>
 <target id="bu45t8e" pid="b946tst" name="Step" level="3" number="8" xrefdest="true"><text>Click User &gt; Add User.</text></target>
 <target id="bu45t9s" pid="b946tst" name="Step" level="3" number="9" xrefdest="true"><text>Enter the First Name, Last Name, and Default Login, then click OK. </text></target>
 <target id="b151va1f" pid="b946tst" name="FormalPara" level="4" xrefdest="true"><text>First Name:</text></target>
 <target id="b151va1g" pid="b946tst" name="FormalPara" level="4" xrefdest="true"><text>Last Name:</text></target>
 <target id="b151va1h" pid="b946tst" name="FormalPara" level="4" xrefdest="true"><text>Default Login:</text></target>
 <target id="bu45tb4" pid="b946tst" name="Step" level="3" number="10" xrefdest="true"><text>Click User &gt; Edit User.</text></target>
 <target id="bu45tc8" pid="b946tst" name="Step" level="3" number="11" xrefdest="true"><text>Check the Default Login field and uncheck the Last Name field.</text></target>
 <target id="bu45td8" pid="b946tst" name="Step" level="3" number="12" xrefdest="true"><text>Enter the service account login in the Default Login field, then click OK.</text></target>
 <target id="b151va1i" pid="b946tst" name="FormalPara" level="4" xrefdest="true"><text>Default Login:</text></target>
 <target id="bu45tf1" pid="b946tst" name="Step" level="3" number="13" xrefdest="true"><text>In the Edit User dialog, select Administrative Role, then click OK.</text></target>
 <target id="bu45thy" pid="b946tst" name="Step" level="3" number="14" xrefdest="true"><text>Click OK to exit the Edit User dialog.</text></target>
</targets>
