<?xml version="1.0" encoding="iso-8859-1"?>

<targets date="06/25/13 18:40:12" docset="NetIQ">
 <target id="b94c4u0" pid="b94c4u0" name="Chapter" level="0" number="4" xrefdest="true"><text>Creating a New Driver</text></target>
 <target id="bez2t2y" pid="bez2t2y" name="Sect1" level="1" number="4.1" xrefdest="true"><text>Creating the Driver in Designer</text></target>
 <target id="bl582ar" pid="bez2t2y" name="Sect2" level="2" number="4.1.1" xrefdest="true"><text>Importing the Current Driver Packages</text></target>
 <target id="brmudeu" pid="bez2t2y" name="Procedure" level="3" number="1" xrefdest="true"><text>Open Designer.</text></target>
 <target id="brn9fjl" pid="bez2t2y" name="Step" level="4" number="1" xrefdest="true"><text>Open Designer.</text></target>
 <target id="brmudev" pid="bez2t2y" name="Step" level="4" number="2" xrefdest="true"><text>In the toolbar, click Help &gt; Check for Package Updates.</text></target>
 <target id="brmuek5" pid="bez2t2y" name="Step" level="4" number="3" xrefdest="true"><text>Click OK to update the packages</text></target>
 <target id="brmuhjf" pid="bez2t2y" name="Step" level="4" number="4" xrefdest="true"><text>In the Outline view, right-click the Package Catalog.</text></target>
 <target id="brmuicg" pid="bez2t2y" name="Step" level="4" number="5" xrefdest="true"><text>Click Import Package.</text></target>
 <target id="brmuikh" pid="bez2t2y" name="Step" level="4" number="6" xrefdest="true"><text>Select any RSA driver package</text></target>
 <target id="brmujep" pid="bez2t2y" name="Step" level="4" number="7" xrefdest="true"><text>Click OK to import the selected packages, then click OK in the successfully imported packages message.</text></target>
 <target id="brn9hq8" pid="bez2t2y" name="Step" level="4" number="8" xrefdest="true"><text>After the current packages are imported, continue with Section 4.1.2, “Installing the Driver Packages,” on page 22.</text></target>
 <target id="brtiuc0" pid="bez2t2y" name="Sect2" level="2" number="4.1.2" xrefdest="true"><text>Installing the Driver Packages</text></target>
 <target id="brtiuc1" pid="bez2t2y" name="Procedure" level="3" number="1" xrefdest="true"><text>In Designer, open your project.</text></target>
 <target id="brtiuc2" pid="bez2t2y" name="Step" level="4" number="1" xrefdest="true"><text>In Designer, open your project.</text></target>
 <target id="brtiuc3" pid="bez2t2y" name="Step" level="4" number="2" xrefdest="true"><text>In the Modeler, right-click the driver set where you want to create the driver, then click New &gt; Driver.</text></target>
 <target id="brtiuc4" pid="bez2t2y" name="Step" level="4" number="3" xrefdest="true"><text>Select RSA Base, then click Next.</text></target>
 <target id="brtiuc5" pid="bez2t2y" name="Step" level="4" number="4" xrefdest="true"><text>Select the default configuration for the RSA driver. </text></target>
 <target id="bs26lcr" pid="bez2t2y" name="Step" level="4" number="5" xrefdest="true"><text>Click Next.</text></target>
 <target id="brczvtg" pid="bez2t2y" name="Step" level="4" number="6" xrefdest="true"><text>(Conditional) If there are package dependencies for the packages you selected to install, you must install them to install the selected package. Click OK to install the package dependencies that are listed.</text></target>
 <target id="brczyf0" pid="bez2t2y" name="Step" level="4" number="7" xrefdest="true"><text>(Conditional) If more than one type of package dependency must be installed, you are presented with these packages separately. Continue to click OK to install any additional package dependencies.</text></target>
 <target id="bs26lhw" pid="bez2t2y" name="Step" level="4" number="8" xrefdest="true"><text>Click Next.</text></target>
 <target id="brtiuck" pid="bez2t2y" name="Step" level="4" number="9" xrefdest="true"><text>On the Driver Information page, specify a name for the driver, then click Next.</text></target>
 <target id="bs26ntf" pid="bez2t2y" name="Step" level="4" number="10" xrefdest="true"><text>On the Application Authentication page, fill in the following fields:</text></target>
 <target id="bs26nzl" pid="bez2t2y" name="FormalPara" level="5" xrefdest="true"><text>Authentication ID:</text></target>
 <target id="bs26ohk" pid="bez2t2y" name="FormalPara" level="5" xrefdest="true"><text>Connection Information:</text></target>
 <target id="bs26ov2" pid="bez2t2y" name="FormalPara" level="5" xrefdest="true"><text>Password:</text></target>
 <target id="bs26p29" pid="bez2t2y" name="Step" level="4" number="11" xrefdest="true"><text>Click Next.</text></target>
 <target id="brtiucv" pid="bez2t2y" name="Step" level="4" number="12" xrefdest="true"><text>Fill in the following fields for Remote Loader information:</text></target>
 <target id="brtiucw" pid="bez2t2y" name="FormalPara" level="5" xrefdest="true"><text>Connect To Remote Loader:</text></target>
 <target id="brtiucx" pid="bez2t2y" name="FormalPara" level="5" xrefdest="true"><text>Host Name:</text></target>
 <target id="brtiucy" pid="bez2t2y" name="FormalPara" level="5" xrefdest="true"><text>Port:</text></target>
 <target id="brtiucz" pid="bez2t2y" name="FormalPara" level="5" xrefdest="true"><text>Remote Loader Password:</text></target>
 <target id="brtiud0" pid="bez2t2y" name="FormalPara" level="5" xrefdest="true"><text>Driver Password:</text></target>
 <target id="brtiud1" pid="bez2t2y" name="Step" level="4" number="13" xrefdest="true"><text>Click Next.</text></target>
 <target id="brtiudh" pid="bez2t2y" name="Step" level="4" number="14" xrefdest="true"><text>Review the summary of tasks that will be completed to create the driver, then click Finish.</text></target>
 <target id="bs1t4kh" pid="bez2t2y" name="Step" level="4" number="15" xrefdest="true"><text>After you have installed the driver, you must change the configuration for your environment. Proceed to Section 4.1.3, “Configuring the Driver,” on page 24.</text></target>
 <target id="bfveihb" pid="bez2t2y" name="Sect2" level="2" number="4.1.3" xrefdest="true"><text>Configuring the Driver</text></target>
 <target id="bgf5om3" pid="bez2t2y" name="FormalPara" level="3" number="w" xrefdest="true"><text>Configure the driver parameters:</text></target>
 <target id="bgcvwah" pid="bez2t2y" name="FormalPara" level="3" number="w" xrefdest="true"><text>Configure the driver filter:</text></target>
 <target id="bgcvx8t" pid="bez2t2y" name="FormalPara" level="3" number="w" xrefdest="true"><text>Configure policies:</text></target>
 <target id="bfvehvc" pid="bez2t2y" name="Sect2" level="2" number="4.1.4" xrefdest="true"><text>Deploying the Driver</text></target>
 <target id="bfvehvd" pid="bez2t2y" name="Procedure" level="3" number="1" xrefdest="true"><text>In Designer, open your project.</text></target>
 <target id="bfvehve" pid="bez2t2y" name="Step" level="4" number="1" xrefdest="true"><text>In Designer, open your project.</text></target>
 <target id="bfvehvf" pid="bez2t2y" name="Step" level="4" number="2" xrefdest="true"><text>In the Modeler, right-click the driver icon  or the driver line, then select Live &gt; Deploy.</text></target>
 <target id="bfvehvg" pid="bez2t2y" name="Step" level="4" number="3" xrefdest="true"><text>If you are authenticated to the Identity Vault, skip to Step 5; otherwise, specify the following information:</text></target>
 <target id="bfvehvh" pid="bez2t2y" name="FormalPara" level="5" xrefdest="true"><text>Host:</text></target>
 <target id="bfvehvi" pid="bez2t2y" name="FormalPara" level="5" xrefdest="true"><text>Username:</text></target>
 <target id="bfvehvj" pid="bez2t2y" name="FormalPara" level="5" xrefdest="true"><text>Password:</text></target>
 <target id="bfvehvk" pid="bez2t2y" name="Step" level="4" number="4" xrefdest="true"><text>Click OK.</text></target>
 <target id="bfvehvl" pid="bez2t2y" name="Step" level="4" number="5" xrefdest="true"><text>Read through the deployment summary, then click Deploy.</text></target>
 <target id="bfvehvm" pid="bez2t2y" name="Step" level="4" number="6" xrefdest="true"><text>Read the successful message, then click OK.</text></target>
 <target id="bfvehvn" pid="bez2t2y" name="Step" level="4" number="7" xrefdest="true"><text>Click Define Security Equivalence to assign rights to the driver.</text></target>
 <target id="bfvehvo" pid="bez2t2y" name="Step" level="5" number="7a" xrefdest="true"><text>Click Add, then browse to and select the object with the correct rights.</text></target>
 <target id="bfvehvp" pid="bez2t2y" name="Step" level="5" number="7b" xrefdest="true"><text>Click OK twice.</text></target>
 <target id="bfvehvq" pid="bez2t2y" name="Step" level="4" number="8" xrefdest="true"><text>Click Exclude Administrative Roles to exclude users that should not be synchronized.</text></target>
 <target id="bfvehvr" pid="bez2t2y" name="Step" level="5" number="8a" xrefdest="true"><text>Click Add, then browse to and select the user object you want to exclude.</text></target>
 <target id="bfvehvs" pid="bez2t2y" name="Step" level="5" number="8b" xrefdest="true"><text>Click OK.</text></target>
 <target id="bfvehvt" pid="bez2t2y" name="Step" level="5" number="8c" xrefdest="true"><text>Repeat Step 8a and Step 8b for each object you want to exclude.</text></target>
 <target id="bfvehvu" pid="bez2t2y" name="Step" level="5" number="8d" xrefdest="true"><text>Click OK.</text></target>
 <target id="bfvehvv" pid="bez2t2y" name="Step" level="4" number="9" xrefdest="true"><text>Click OK.</text></target>
 <target id="bfvehvw" pid="bez2t2y" name="Sect2" level="2" number="4.1.5" xrefdest="true"><text>Starting the Driver</text></target>
 <target id="bfvehvx" pid="bez2t2y" name="Procedure" level="3" number="1" xrefdest="true"><text>In Designer, open your project.</text></target>
 <target id="bfvehvy" pid="bez2t2y" name="Step" level="4" number="1" xrefdest="true"><text>In Designer, open your project.</text></target>
 <target id="bfvehvz" pid="bez2t2y" name="Step" level="4" number="2" xrefdest="true"><text>In the Modeler, right-click the driver icon  or the driver line, then select Live &gt; Start Driver.</text></target>
 <target id="bf0j1bw" pid="bf0j1bw" name="Sect1" level="1" number="4.2" xrefdest="true"><text>Creating the Driver in iManager</text></target>
 <target id="bf164vk" pid="bf164vk" name="Sect1" level="1" number="4.3" xrefdest="true"><text>Activating the Driver</text></target>
</targets>
