<?xml version="1.0" encoding="iso-8859-1"?>

<targets date="06/25/13 18:39:59" docset="NetIQ">
 <target id="Acacad3" pid="Acacad3" name="Chapter" level="0" number="6" xrefdest="true"><text>Synchronizing Data</text></target>
 <target id="Ah0kr01" pid="Ah0kr01" name="Sect1" level="1" number="6.1" xrefdest="true"><text>Determining Which Objects Are Synchronized</text></target>
 <target id="bgf4xj8" pid="Ah0kr01" name="Procedure" level="2" number="1" xrefdest="true"><text>In iManager, open the RSA driver Overview page:</text></target>
 <target id="bgf4xj9" pid="Ah0kr01" name="Step" level="3" number="1" xrefdest="true"><text>In iManager, open the RSA driver Overview page:</text></target>
 <target id="bgf4un6" pid="Ah0kr01" name="Step" level="4" number="1a" xrefdest="true"><text>Click  to display the Identity Manager Administration page.</text></target>
 <target id="bgf4un8" pid="Ah0kr01" name="Step" level="4" number="1b" xrefdest="true"><text>In the Administration list, click Identity Manager Overview.</text></target>
 <target id="bgf4un9" pid="Ah0kr01" name="Step" level="4" number="1c" xrefdest="true"><text>If the driver set is not listed on the Driver Sets tab, use the Search In field to search for and display the driver set.</text></target>
 <target id="bgf4una" pid="Ah0kr01" name="Step" level="4" number="1d" xrefdest="true"><text>Click the driver set to open the Driver Set Overview page.</text></target>
 <target id="bgf4unb" pid="Ah0kr01" name="Step" level="4" number="1e" xrefdest="true"><text>Click the RSA driver icon to display its overview page. </text></target>
 <target id="A4svb7l" pid="Ah0kr01" name="Step" level="3" number="2" xrefdest="true"><text>Click the Publisher or Subscriber filter icon and make the appropriate changes.</text></target>
 <target id="A4svlpy" pid="A4svlpy" name="Sect1" level="1" number="6.2" xrefdest="true"><text>Defining Schema Mapping </text></target>
 <target id="bgf4z9d" pid="A4svlpy" name="Procedure" level="2" number="1" xrefdest="true"><text>In iManager, open the RSA driver Overview page:</text></target>
 <target id="bgf4z9e" pid="A4svlpy" name="Step" level="3" number="1" xrefdest="true"><text>In iManager, open the RSA driver Overview page:</text></target>
 <target id="bgf4z9f" pid="A4svlpy" name="Step" level="4" number="1a" xrefdest="true"><text>Click  to display the Identity Manager Administration page.</text></target>
 <target id="bgf4z9g" pid="A4svlpy" name="Step" level="4" number="1b" xrefdest="true"><text>In the Administration list, click Identity Manager Overview.</text></target>
 <target id="bgf4z9h" pid="A4svlpy" name="Step" level="4" number="1c" xrefdest="true"><text>If the driver set is not listed on the Driver Sets tab, use the Search In field to search for and display the driver set.</text></target>
 <target id="bgf4z9i" pid="A4svlpy" name="Step" level="4" number="1d" xrefdest="true"><text>Click the driver set to open the Driver Set Overview page.</text></target>
 <target id="bgf4z9j" pid="A4svlpy" name="Step" level="4" number="1e" xrefdest="true"><text>Click the RSA driver icon to display its Overview page. </text></target>
 <target id="Aibb71k" pid="A4svlpy" name="Step" level="3" number="2" xrefdest="true"><text>Click the schema mapping icon on the Publisher or Subscriber channel.</text></target>
 <target id="bgf4yz7" pid="A4svlpy" name="Step" level="3" number="3" xrefdest="true"><text>Click the policy to display the editing page.</text></target>
 <target id="A4zyvb1" pid="A4svlpy" name="Step" level="3" number="4" xrefdest="true"><text>Edit the policy as appropriate for your setup.</text></target>
 <target id="b946tts" pid="b946tts" name="Sect1" level="1" number="6.3" xrefdest="true"><text>Migrating and Resynchronizing Data</text></target>
 <target id="b946ttt" pid="b946tts" name="FormalPara" level="2" number="w" xrefdest="true"><text>Migrate Data from the Identity Vault:</text></target>
 <target id="b946ttu" pid="b946tts" name="FormalPara" level="2" number="w" xrefdest="true"><text>Migrate Data into the Identity Vault:</text></target>
 <target id="b946ttv" pid="b946tts" name="FormalPara" level="2" number="w" xrefdest="true"><text>Synchronize:</text></target>
 <target id="bgf52op" pid="b946tts" name="Procedure" level="2" number="1" xrefdest="true"><text>In iManager, open the RSA driver Overview page:</text></target>
 <target id="bgf52oq" pid="b946tts" name="Step" level="3" number="1" xrefdest="true"><text>In iManager, open the RSA driver Overview page:</text></target>
 <target id="bgf52or" pid="b946tts" name="Step" level="4" number="1a" xrefdest="true"><text>Click  to display the Identity Manager Administration page.</text></target>
 <target id="bgf52os" pid="b946tts" name="Step" level="4" number="1b" xrefdest="true"><text>In the Administration list, click Identity Manager Overview.</text></target>
 <target id="bgf52ot" pid="b946tts" name="Step" level="4" number="1c" xrefdest="true"><text>If the driver set is not listed on the Driver Sets tab, use the Search In field to search for and display the driver set.</text></target>
 <target id="bgf52ou" pid="b946tts" name="Step" level="4" number="1d" xrefdest="true"><text>Click the driver set to open the Driver Set Overview page.</text></target>
 <target id="bgf52ov" pid="b946tts" name="Step" level="4" number="1e" xrefdest="true"><text>Click the RSA driver icon to display its Overview page. </text></target>
 <target id="bgf52ow" pid="b946tts" name="Step" level="3" number="2" xrefdest="true"><text>Click Migrate, then click the appropriate migration button.</text></target>
</targets>
