<?xml version="1.0" encoding="iso-8859-1"?>

<targets date="08/01/13 11:45:39" docset="NetIQ">
 <target id="Afbxa1q" pid="Afbxa1q" name="Chapter" level="0" number="7" xrefdest="true"><text>Troubleshooting</text></target>
 <target id="b8twgrh" pid="b8twgrh" name="Sect1" level="1" number="7.1" xrefdest="true"><text>Troubleshooting Driver Processes</text></target>
 <target id="brwnc33" pid="brwnc33" name="Sect1" level="1" number="7.2" xrefdest="true"><text>OutOfMemoryError</text></target>
 <target id="b8nfpg" pid="brwnc33" name="Procedure" level="2" number="1" xrefdest="true"><text>Try setting or increasing the DHOST_JVM_INITIAL_HEAP and DHOST_JVM_MAX_HEAP environment variables.</text></target>
 <target id="brwnf3b" pid="brwnc33" name="Step" level="3" number="1" xrefdest="true"><text>Try setting or increasing the DHOST_JVM_INITIAL_HEAP and DHOST_JVM_MAX_HEAP environment variables.</text></target>
 <target id="brwnf5u" pid="brwnc33" name="Step" level="3" number="2" xrefdest="true"><text>Restart the driver.</text></target>
 <target id="brwnfm0" pid="brwnc33" name="Step" level="3" number="3" xrefdest="true"><text>Monitor the driver to make sure that the variables provide enough memory.</text></target>
 <target id="b151smdm" pid="b151smdm" name="Sect1" level="1" number="7.3" xrefdest="true"><text>Invalid Command Client Credentials</text></target>
 <target id="b151smdn" pid="b151smdn" name="Sect1" level="1" number="7.4" xrefdest="true"><text>Invalid Client Credentials</text></target>
 <target id="b15kaw3v" pid="b15kaw3v" name="Sect1" level="1" number="7.5" xrefdest="true"><text>Hostname or IP Does Not Match Trust Chain in Certificate</text></target>
 <target id="b15kaw3w" pid="b15kaw3w" name="Sect1" level="1" number="7.6" xrefdest="true"><text>ArraySyntax Environment Variable Not Set</text></target>
 <target id="b167yaoa" pid="b167yaoa" name="Sect1" level="1" number="7.7" xrefdest="true"><text>Dependency Missing</text></target>
</targets>
