<?xml version="1.0" encoding="iso-8859-1"?>

<targets date="08/01/13 11:47:58" docset="NetIQ">
 <target id="b94m2r5" pid="b94m2r5" name="Appendix" level="0" number="A" xrefdest="true"><text>Driver Properties</text></target>
 <target id="b94m51z" pid="b94m51z" name="Sect1" level="1" number="A.1" xrefdest="true"><text>Driver Configuration</text></target>
 <target id="b94psgd" pid="b94m51z" name="Procedure" level="2" number="1" xrefdest="true"><text>Click  to display the Identity Manager Administration page.</text></target>
 <target id="bf151iu" pid="b94m51z" name="Step" level="3" number="1" xrefdest="true"><text>Click  to display the Identity Manager Administration page.</text></target>
 <target id="bf13wh8" pid="b94m51z" name="Step" level="3" number="2" xrefdest="true"><text>Open the driver set that contains the driver whose properties you want to edit:</text></target>
 <target id="bf13vx8" pid="b94m51z" name="Step" level="4" number="2a" xrefdest="true"><text>In the Administration list, click Identity Manager Overview.</text></target>
 <target id="bf13wzj" pid="b94m51z" name="Step" level="4" number="2b" xrefdest="true"><text>If the driver set is not listed on the Driver Sets tab, use the Search In field to search for and display the driver set.</text></target>
 <target id="bf14p3w" pid="b94m51z" name="Step" level="4" number="2c" xrefdest="true"><text>Click the driver set to open the Driver Set Overview page.</text></target>
 <target id="b94psgf" pid="b94m51z" name="Step" level="3" number="3" xrefdest="true"><text>Locate the driver icon, then click the upper right corner of the driver icon to display the Actions menu. </text></target>
 <target id="b94psgg" pid="b94m51z" name="Step" level="3" number="4" xrefdest="true"><text>Click Edit Properties to display the driver’s properties page.</text></target>
 <target id="b94psgh" pid="b94m51z" name="Procedure" level="2" number="1" xrefdest="true"><text>Open a project in the Modeler.</text></target>
 <target id="b94psgi" pid="b94m51z" name="Step" level="3" number="1" xrefdest="true"><text>Open a project in the Modeler.</text></target>
 <target id="b94psgj" pid="b94m51z" name="Step" level="3" number="2" xrefdest="true"><text> Right-click the driver icon or line, then select click Properties &gt; Driver Configuration.</text></target>
 <target id="b94m526" pid="b94m51z" name="Sect2" level="2" number="A.1.1" xrefdest="true"><text>Driver Module</text></target>
 <target id="bsfkbsv" pid="b94m51z" name="FormalPara" level="3" xrefdest="true"><text>Java:</text></target>
 <target id="bsfkc5g" pid="b94m51z" name="FormalPara" level="3" xrefdest="true"><text>Native:</text></target>
 <target id="bsfkc9g" pid="b94m51z" name="FormalPara" level="3" xrefdest="true"><text>Connect to Remote Loader:</text></target>
 <target id="bsfkcgw" pid="b94m51z" name="FormalPara" level="3" number="w" xrefdest="true"><text>Remote Loader Configuration for Documentation:</text></target>
 <target id="bsfkcms" pid="b94m51z" name="FormalPara" level="3" number="w" xrefdest="true"><text>Driver Object Password:</text></target>
 <target id="b94m52j" pid="b94m51z" name="Sect2" level="2" number="A.1.2" xrefdest="true"><text>Driver Object Password (iManager Only)</text></target>
 <target id="bsfkcvd" pid="b94m51z" name="FormalPara" level="3" xrefdest="true"><text>Driver Object Password:</text></target>
 <target id="b94m52t" pid="b94m51z" name="Sect2" level="2" number="A.1.3" xrefdest="true"><text>Authentication</text></target>
 <target id="bsfkd6v" pid="b94m51z" name="FormalPara" level="3" xrefdest="true"><text>Authentication information for server:</text></target>
 <target id="bsfkdef" pid="b94m51z" name="FormalPara" level="3" xrefdest="true"><text>Authentication ID:</text></target>
 <target id="bsfkdtn" pid="b94m51z" name="FormalPara" level="3" xrefdest="true"><text>Authentication Context:</text></target>
 <target id="bsfke6b" pid="b94m51z" name="FormalPara" level="3" xrefdest="true"><text>Remote Loader Connection Parameter:</text></target>
 <target id="bsfkegi" pid="b94m51z" name="FormalPara" level="3" xrefdest="true"><text>Application Password:</text></target>
 <target id="bsfkf0e" pid="b94m51z" name="FormalPara" level="3" xrefdest="true"><text>Remote Loader Password:</text></target>
 <target id="bsfkf77" pid="b94m51z" name="FormalPara" level="3" xrefdest="true"><text>Cache limit (KB):</text></target>
 <target id="b94m538" pid="b94m51z" name="Sect2" level="2" number="A.1.4" xrefdest="true"><text>Startup Option</text></target>
 <target id="bsfkfnz" pid="b94m51z" name="FormalPara" level="3" xrefdest="true"><text>Auto start:</text></target>
 <target id="bsfkftj" pid="b94m51z" name="FormalPara" level="3" xrefdest="true"><text>Manual:</text></target>
 <target id="bsfkfxz" pid="b94m51z" name="FormalPara" level="3" xrefdest="true"><text>Disabled:</text></target>
 <target id="bsfkg2s" pid="b94m51z" name="FormalPara" level="3" xrefdest="true"><text>Do not automatically synchronize the driver:</text></target>
 <target id="bgez6mj" pid="b94m51z" name="Sect2" level="2" number="A.1.5" xrefdest="true"><text>Driver Parameters</text></target>
 <target id="bs29epj" pid="b94m51z" name="Sect3" level="3" xrefdest="true"><text>Driver Options</text></target>
 <target id="bs29erx" pid="b94m51z" name="FormalPara" level="4" xrefdest="true"><text>RSA API Version:</text></target>
 <target id="bs29fad" pid="b94m51z" name="FormalPara" level="4" xrefdest="true"><text>RSA Command Client User (7.1):</text></target>
 <target id="bu8kdq3" pid="b94m51z" name="FormalPara" level="4" xrefdest="true"><text>RSA Command Client Password (7.1):</text></target>
 <target id="bu8kdq4" pid="b94m51z" name="FormalPara" level="4" xrefdest="true"><text>RSA Realm (7.1):</text></target>
 <target id="bu8kdq5" pid="b94m51z" name="FormalPara" level="4" xrefdest="true"><text>Weblogic Library Directory (7.1):</text></target>
 <target id="bu8kdq6" pid="b94m51z" name="FormalPara" level="4" xrefdest="true"><text>RSA Keystore File (7.1):</text></target>
 <target id="b167yasd" pid="b94m51z" name="FormalPara" level="4" xrefdest="true"><text>RSA Identity Source (7.1):</text></target>
 <target id="bs29hk2" pid="b94m51z" name="Sect3" level="3" xrefdest="true"><text>Subscriber Options</text></target>
 <target id="bs29jj3" pid="b94m51z" name="Sect3" level="3" xrefdest="true"><text>Publisher Options</text></target>
 <target id="bs29jlr" pid="b94m51z" name="FormalPara" level="4" xrefdest="true"><text>Disable Publisher:</text></target>
 <target id="bs29ym5" pid="b94m51z" name="FormalPara" level="4" xrefdest="true"><text>Polling Interval in Minutes:</text></target>
 <target id="bu8kfhg" pid="b94m51z" name="FormalPara" level="4" xrefdest="true"><text>Heartbeat Interval in Minutes:</text></target>
 <target id="brv2j9u" pid="b94m51z" name="Sect2" level="2" number="A.1.6" xrefdest="true"><text>ECMAScript</text></target>
 <target id="brv2k2v" pid="b94m51z" name="Sect2" level="2" number="A.1.7" xrefdest="true"><text>Global Configuration</text></target>
 <target id="b94m54n" pid="b94m54n" name="Sect1" level="1" number="A.2" xrefdest="true"><text>Global Configuration Values</text></target>
 <target id="bgbvxgg" pid="b94m54n" name="Procedure" level="2" xrefdest="true"><text>To access the driver’s GCVs in iManager:</text></target>
 <target id="bgbvxgh" pid="b94m54n" name="Step" level="3" number="1" xrefdest="true"><text>Click  to display the Identity Manager Administration page.</text></target>
 <target id="bgbvxgi" pid="b94m54n" name="Step" level="3" number="2" xrefdest="true"><text>Open the driver set that contains the driver whose properties you want to edit.</text></target>
 <target id="bgbvxgj" pid="b94m54n" name="Step" level="4" number="2a" xrefdest="true"><text>In the Administration list, click Identity Manager Overview.</text></target>
 <target id="bgbvxgk" pid="b94m54n" name="Step" level="4" number="2b" xrefdest="true"><text>If the driver set is not listed on the Driver Sets tab, use the Search In field to search for and display the driver set.</text></target>
 <target id="bgbvxgl" pid="b94m54n" name="Step" level="4" number="2c" xrefdest="true"><text>Click the driver set to open the Driver Set Overview page.</text></target>
 <target id="bgbvxgm" pid="b94m54n" name="Step" level="3" number="3" xrefdest="true"><text>Locate the driver icon, click the upper right corner of the driver icon to display the Actions menu, then click Edit Properties.</text></target>
 <target id="bgbvxgn" pid="b94m54n" name="Procedure" level="2" xrefdest="true"><text>To access the driver’s GCVs in Designer:</text></target>
 <target id="bgbvxgo" pid="b94m54n" name="Step" level="3" number="1" xrefdest="true"><text>Open a project in the Modeler.</text></target>
 <target id="bgbvxgp" pid="b94m54n" name="Step" level="3" number="2" xrefdest="true"><text>Right-click the driver icon  or line, then select Properties &gt; Global Configuration Values.</text></target>
</targets>
