<?xml version="1.0" encoding="iso-8859-1"?>

<targets date="06/25/13 18:39:46" docset="NetIQ">
 <target id="bft8ldg" pid="bft8ldg" name="Appendix" level="0" number="B" xrefdest="true"><text>Trace Levels</text></target>
 <target id="b151aq2p" pid="bft8ldg" name="Row" level="1" xrefdest="true"><text>Level</text></target>
 <target id="b151apcx" pid="bft8ldg" name="Row" level="1" xrefdest="true"><text>1</text></target>
 <target id="b151apcy" pid="bft8ldg" name="Row" level="1" xrefdest="true"><text>2</text></target>
 <target id="b151apcz" pid="bft8ldg" name="Row" level="1" xrefdest="true"><text>3</text></target>
 <target id="b151apd0" pid="bft8ldg" name="Row" level="1" xrefdest="true"><text>4</text></target>
</targets>
