<?xml version="1.0" encoding="iso-8859-1"?>

<targets date="07/15/13 10:00:37" docset="NetIQ">
 <target id="b151an6w" pid="b151an6w" name="Appendix" level="0" number="C" xrefdest="true"><text>RSA Object Schema</text></target>
 <target id="bu94e68" pid="bu94e68" name="Sect1" level="1" number="C.1" xrefdest="true"><text>User Object</text></target>
 <target id="bft8puv" pid="bu94e68" name="Row" level="2" xrefdest="true"><text>Attribute </text></target>
 <target id="bft8puw" pid="bu94e68" name="Row" level="2" xrefdest="true"><text>UserNum </text></target>
 <target id="bft8pux" pid="bu94e68" name="Row" level="2" xrefdest="true"><text>DefaultLogin </text></target>
 <target id="bft8puy" pid="bu94e68" name="Row" level="2" xrefdest="true"><text>FirstName</text></target>
 <target id="bft8puz" pid="bu94e68" name="Row" level="2" xrefdest="true"><text>LastName</text></target>
 <target id="bu94jf0" pid="bu94e68" name="Row" level="2" xrefdest="true"><text>TokenSerialNumber</text></target>
 <target id="bu94jf1" pid="bu94e68" name="Row" level="2" xrefdest="true"><text>MemberOf</text></target>
 <target id="bu94jf2" pid="bu94e68" name="Row" level="2" xrefdest="true"><text>DefaultShell</text></target>
 <target id="bu94jf3" pid="bu94e68" name="Row" level="2" xrefdest="true"><text>ProfileName</text></target>
 <target id="bu94jf4" pid="bu94e68" name="Row" level="2" xrefdest="true"><text>TempUser</text></target>
 <target id="bu94jf5" pid="bu94e68" name="Row" level="2" xrefdest="true"><text>Start</text></target>
 <target id="bu94jf6" pid="bu94e68" name="Row" level="2" xrefdest="true"><text>End</text></target>
 <target id="b167yatr" pid="bu94e68" name="Row" level="2" xrefdest="true"><text>Password</text></target>
 <target id="bu94l99" pid="bu94l99" name="Sect1" level="1" number="C.2" xrefdest="true"><text>Token Object</text></target>
 <target id="bu94l9a" pid="bu94l99" name="Row" level="2" xrefdest="true"><text>Attribute </text></target>
 <target id="bu94l9b" pid="bu94l99" name="Row" level="2" xrefdest="true"><text>SerialNum </text></target>
 <target id="bu94l9c" pid="bu94l99" name="Row" level="2" xrefdest="true"><text>PIN </text></target>
 <target id="bu94l9d" pid="bu94l99" name="Row" level="2" xrefdest="true"><text>Disabled</text></target>
 <target id="bu94l9e" pid="bu94l99" name="Row" level="2" xrefdest="true"><text>NewPINMode</text></target>
 <target id="bu94l9f" pid="bu94l99" name="Row" level="2" xrefdest="true"><text>PINClear</text></target>
 <target id="bu94l9g" pid="bu94l99" name="Row" level="2" xrefdest="true"><text>NumDigits</text></target>
 <target id="bu94l9h" pid="bu94l99" name="Row" level="2" xrefdest="true"><text>Interval</text></target>
 <target id="bu94l9i" pid="bu94l99" name="Row" level="2" xrefdest="true"><text>Birth</text></target>
 <target id="bu94l9j" pid="bu94l99" name="Row" level="2" xrefdest="true"><text>Death</text></target>
 <target id="bu94l9k" pid="bu94l99" name="Row" level="2" xrefdest="true"><text>LastLogin</text></target>
 <target id="bu94l9l" pid="bu94l99" name="Row" level="2" xrefdest="true"><text>Type</text></target>
 <target id="bu94vz8" pid="bu94l99" name="Row" level="2" xrefdest="true"><text>Hex</text></target>
 <target id="bu94vz9" pid="bu94l99" name="Row" level="2" xrefdest="true"><text>Assigned</text></target>
 <target id="bu94vza" pid="bu94l99" name="Row" level="2" xrefdest="true"><text>UserNum</text></target>
 <target id="b151sjj1" pid="bu94l99" name="Row" level="2" xrefdest="true"><text>DefaultLogin</text></target>
 <target id="bu94vzb" pid="bu94l99" name="Row" level="2" xrefdest="true"><text>EmergencyAccess</text></target>
 <target id="bu94vzc" pid="bu94l99" name="Row" level="2" xrefdest="true"><text>BadTokenCodes</text></target>
 <target id="bu94vzd" pid="bu94l99" name="Row" level="2" xrefdest="true"><text>PINChangedDate</text></target>
 <target id="bu94vze" pid="bu94l99" name="Row" level="2" xrefdest="true"><text>DisabledDate</text></target>
 <target id="bu94vzf" pid="bu94l99" name="Row" level="2" xrefdest="true"><text>CountsLastModified</text></target>
 <target id="bu94vzg" pid="bu94l99" name="Row" level="2" xrefdest="true"><text>Protected</text></target>
 <target id="bu94vzh" pid="bu94l99" name="Row" level="2" xrefdest="true"><text>Deployed</text></target>
 <target id="bu94vzi" pid="bu94l99" name="Row" level="2" xrefdest="true"><text>Count</text></target>
 <target id="bu94vzj" pid="bu94l99" name="Row" level="2" xrefdest="true"><text>SoftPassword</text></target>
 <target id="bu94vzk" pid="bu94l99" name="Row" level="2" xrefdest="true"><text>KeyPad</text></target>
 <target id="bu94vzl" pid="bu94l99" name="Row" level="2" xrefdest="true"><text>LocalPIN</text></target>
 <target id="bu94vzm" pid="bu94l99" name="Row" level="2" xrefdest="true"><text>Version</text></target>
 <target id="bu94vzn" pid="bu94l99" name="Row" level="2" xrefdest="true"><text>FormFactor</text></target>
 <target id="bu94vzo" pid="bu94l99" name="Row" level="2" xrefdest="true"><text>PINType</text></target>
 <target id="bu94vzp" pid="bu94l99" name="Row" level="2" xrefdest="true"><text>Assignment</text></target>
 <target id="bu94vzq" pid="bu94l99" name="Row" level="2" xrefdest="true"><text>FirstLogin</text></target>
 <target id="bu94vzr" pid="bu94l99" name="Row" level="2" xrefdest="true"><text>EACExpires</text></target>
 <target id="bu9580l" pid="bu94l99" name="Row" level="2" xrefdest="true"><text>EACPasscode</text></target>
</targets>
